Insert into Student VALUES('10000000','李一','男','2000-1-1',1.60);
Insert into Student VALUES('10000001','王一','女','2001-10-10',1.69);
Insert into Student VALUES('10000002','张一','男','2000-7-19',1.78);
Insert into Student VALUES('10000003','肖一','女','2001-4-28',1.87);
Insert into Student VALUES('10000004','赵一','男','2000-1-9',1.66);
Insert into Student VALUES('10000005','郭一','女','2001-10-18',1.75);
Insert into Student VALUES('10000006','田一','男','2000-7-27',1.84);
Insert into Student VALUES('10000007','马一','女','2001-4-8',1.63);
Insert into Student VALUES('10000008','怀一','男','2000-1-17',1.72);
Insert into Student VALUES('10000009','孟一','女','2001-10-26',1.81);
Insert into Student VALUES('10000010','李二','女','2001-8-8',1.67);
Insert into Student VALUES('10000011','王二','男','2000-5-17',1.76);
Insert into Student VALUES('10000012','张二','女','2001-2-26',1.85);
Insert into Student VALUES('10000013','肖二','男','2000-11-7',1.64);
Insert into Student VALUES('10000014','赵二','女','2001-8-16',1.73);
Insert into Student VALUES('10000015','郭二','男','2000-5-25',1.82);
Insert into Student VALUES('10000016','田二','女','2001-2-6',1.61);
Insert into Student VALUES('10000017','马二','男','2000-11-15',1.70);
Insert into Student VALUES('10000018','怀二','女','2001-8-24',1.79);
Insert into Student VALUES('10000019','孟二','男','2000-5-5',1.88);
Insert into Student VALUES('10000020','李三','男','2000-3-15',1.74);
Insert into Student VALUES('10000021','王三','女','2001-12-24',1.83);
Insert into Student VALUES('10000022','张三','男','2000-9-5',1.62);
Insert into Student VALUES('10000023','肖三','女','2001-6-14',1.71);
Insert into Student VALUES('10000024','赵三','男','2000-3-23',1.80);
Insert into Student VALUES('10000025','郭三','女','2001-12-4',1.89);
Insert into Student VALUES('10000026','田三','男','2000-9-13',1.68);
Insert into Student VALUES('10000027','马三','女','2001-6-22',1.77);
Insert into Student VALUES('10000028','怀三','男','2000-3-3',1.86);
Insert into Student VALUES('10000029','孟三','女','2001-12-12',1.65);
Insert into Student VALUES('10000030','李四','女','2001-10-22',1.81);
Insert into Student VALUES('10000031','王四','男','2000-7-3',1.60);
Insert into Student VALUES('10000032','张四','女','2001-4-12',1.69);
Insert into Student VALUES('10000033','肖四','男','2000-1-21',1.78);
Insert into Student VALUES('10000034','赵四','女','2001-10-2',1.87);
Insert into Student VALUES('10000035','郭四','男','2000-7-11',1.66);
Insert into Student VALUES('10000036','田四','女','2001-4-20',1.75);
Insert into Student VALUES('10000037','马四','男','2000-1-1',1.84);
Insert into Student VALUES('10000038','怀四','女','2001-10-10',1.63);
Insert into Student VALUES('10000039','孟四','男','2000-7-19',1.72);
Insert into Student VALUES('10000040','李五','男','2000-5-1',1.88);
Insert into Student VALUES('10000041','王五','女','2001-2-10',1.67);
Insert into Student VALUES('10000042','张五','男','2000-11-19',1.76);
Insert into Student VALUES('10000043','肖五','女','2001-8-28',1.85);
Insert into Student VALUES('10000044','赵五','男','2000-5-9',1.64);
Insert into Student VALUES('10000045','郭五','女','2001-2-18',1.73);
Insert into Student VALUES('10000046','田五','男','2000-11-27',1.82);
Insert into Student VALUES('10000047','马五','女','2001-8-8',1.61);
Insert into Student VALUES('10000048','怀五','男','2000-5-17',1.70);
Insert into Student VALUES('10000049','孟五','女','2001-2-26',1.79);
Insert into Student VALUES('10000050','李六','女','2001-12-8',1.65);
Insert into Student VALUES('10000051','王六','男','2000-9-17',1.74);
Insert into Student VALUES('10000052','张六','女','2001-6-26',1.83);
Insert into Student VALUES('10000053','肖六','男','2000-3-7',1.62);
Insert into Student VALUES('10000054','赵六','女','2001-12-16',1.71);
Insert into Student VALUES('10000055','郭六','男','2000-9-25',1.80);
Insert into Student VALUES('10000056','田六','女','2001-6-6',1.89);
Insert into Student VALUES('10000057','马六','男','2000-3-15',1.68);
Insert into Student VALUES('10000058','怀六','女','2001-12-24',1.77);
Insert into Student VALUES('10000059','孟六','男','2000-9-5',1.86);
Insert into Student VALUES('10000060','李七','男','2000-7-15',1.72);
Insert into Student VALUES('10000061','王七','女','2001-4-24',1.81);
Insert into Student VALUES('10000062','张七','男','2000-1-5',1.60);
Insert into Student VALUES('10000063','肖七','女','2001-10-14',1.69);
Insert into Student VALUES('10000064','赵七','男','2000-7-23',1.78);
Insert into Student VALUES('10000065','郭七','女','2001-4-4',1.87);
Insert into Student VALUES('10000066','田七','男','2000-1-13',1.66);
Insert into Student VALUES('10000067','马七','女','2001-10-22',1.75);
Insert into Student VALUES('10000068','怀七','男','2000-7-3',1.84);
Insert into Student VALUES('10000069','孟七','女','2001-4-12',1.63);
Insert into Student VALUES('10000070','李八','女','2001-2-22',1.79);
Insert into Student VALUES('10000071','王八','男','2000-11-3',1.88);
Insert into Student VALUES('10000072','张八','女','2001-8-12',1.67);
Insert into Student VALUES('10000073','肖八','男','2000-5-21',1.76);
Insert into Student VALUES('10000074','赵八','女','2001-2-2',1.85);
Insert into Student VALUES('10000075','郭八','男','2000-11-11',1.64);
Insert into Student VALUES('10000076','田八','女','2001-8-20',1.73);
Insert into Student VALUES('10000077','马八','男','2000-5-1',1.82);
Insert into Student VALUES('10000078','怀八','女','2001-2-10',1.61);
Insert into Student VALUES('10000079','孟八','男','2000-11-19',1.70);
Insert into Student VALUES('10000080','李九','男','2000-9-1',1.86);
Insert into Student VALUES('10000081','王九','女','2001-6-10',1.65);
Insert into Student VALUES('10000082','张九','男','2000-3-19',1.74);
Insert into Student VALUES('10000083','肖九','女','2001-12-28',1.83);
Insert into Student VALUES('10000084','赵九','男','2000-9-9',1.62);
Insert into Student VALUES('10000085','郭九','女','2001-6-18',1.71);
Insert into Student VALUES('10000086','田九','男','2000-3-27',1.80);
Insert into Student VALUES('10000087','马九','女','2001-12-8',1.89);
Insert into Student VALUES('10000088','怀九','男','2000-9-17',1.68);
Insert into Student VALUES('10000089','孟九','女','2001-6-26',1.77);
Insert into Student VALUES('10000090','李十','女','2001-4-8',1.63);
Insert into Student VALUES('10000091','王十','男','2000-1-17',1.72);
Insert into Student VALUES('10000092','张十','女','2001-10-26',1.81);
Insert into Student VALUES('10000093','肖十','男','2000-7-7',1.60);
Insert into Student VALUES('10000094','赵十','女','2001-4-16',1.69);
Insert into Student VALUES('10000095','郭十','男','2000-1-25',1.78);
Insert into Student VALUES('10000096','田十','女','2001-10-6',1.87);
Insert into Student VALUES('10000097','马十','男','2000-7-15',1.66);
Insert into Student VALUES('10000098','怀十','女','2001-4-24',1.75);
Insert into Student VALUES('10000099','孟十','男','2000-1-5',1.84);

Insert into Course VALUES('CS-01','course00',1,'teacher00');
Insert into Course VALUES('CS-02','course01',5,'teacher01');
Insert into Course VALUES('CS-03','course02',4,'teacher02');
Insert into Course VALUES('EE-01','course10',3,'teacher10');
Insert into Course VALUES('EE-02','course11',2,'teacher11');
Insert into Course VALUES('EE-03','course12',1,'teacher12');
Insert into Course VALUES('AA-01','course20',5,'teacher20');
Insert into Course VALUES('AA-02','course21',4,'teacher21');
Insert into Course VALUES('AA-03','course22',3,'teacher22');
Insert into Course VALUES('BB-01','course30',2,'teacher30');
Insert into Course VALUES('BB-02','course31',1,'teacher31');
Insert into Course VALUES('BB-03','course32',5,'teacher32');
Insert into Course VALUES('CC-01','course40',4,'teacher40');
Insert into Course VALUES('CC-02','course41',3,'teacher41');
Insert into Course VALUES('CC-03','course42',2,'teacher42');


Insert into SC VALUES('10000000','CS-01',NULL);
Insert into SC VALUES('10000000','CS-02','81');
Insert into SC VALUES('10000001','BB-02','80');
Insert into SC VALUES('10000001','BB-03','81');
Insert into SC VALUES('10000002','AA-02','89');
Insert into SC VALUES('10000002','AA-03','84');
Insert into SC VALUES('10000003','AA-01',NULL);
Insert into SC VALUES('10000003','AA-02','89');
Insert into SC VALUES('10000004','AA-02','89');
Insert into SC VALUES('10000004','AA-03','84');
Insert into SC VALUES('10000005','BB-02','80');
Insert into SC VALUES('10000005','BB-03','81');
Insert into SC VALUES('10000006','CS-01',NULL);
Insert into SC VALUES('10000006','CS-02','81');
Insert into SC VALUES('10000007','AA-02','89');
Insert into SC VALUES('10000007','AA-03','84');
Insert into SC VALUES('10000008','CS-02','81');
Insert into SC VALUES('10000008','CS-03','84');
Insert into SC VALUES('10000009','CC-01',NULL);
Insert into SC VALUES('10000009','CC-02','89');
Insert into SC VALUES('10000010','BB-02','80');
Insert into SC VALUES('10000010','BB-03','81');
Insert into SC VALUES('10000011','BB-02','80');
Insert into SC VALUES('10000011','BB-03','81');
Insert into SC VALUES('10000012','CC-01',NULL);
Insert into SC VALUES('10000012','CC-02','89');
Insert into SC VALUES('10000013','CS-02','81');
Insert into SC VALUES('10000013','CS-03','84');
Insert into SC VALUES('10000014','AA-02','89');
Insert into SC VALUES('10000014','AA-03','84');
Insert into SC VALUES('10000015','CS-01',NULL);
Insert into SC VALUES('10000015','CS-02','81');
Insert into SC VALUES('10000016','BB-02','80');
Insert into SC VALUES('10000016','BB-03','81');
Insert into SC VALUES('10000017','AA-02','89');
Insert into SC VALUES('10000017','AA-03','84');
Insert into SC VALUES('10000018','AA-01',NULL);
Insert into SC VALUES('10000018','AA-02','89');
Insert into SC VALUES('10000019','AA-02','89');
Insert into SC VALUES('10000019','AA-03','84');
Insert into SC VALUES('10000020','BB-02',NULL);
Insert into SC VALUES('10000020','BB-03','81');
Insert into SC VALUES('10000020','CC-01','84');
Insert into SC VALUES('10000021','CS-01',NULL);
Insert into SC VALUES('10000021','CS-02','81');
Insert into SC VALUES('10000021','CS-03','84');
Insert into SC VALUES('10000022','AA-02','89');
Insert into SC VALUES('10000022','AA-03','84');
Insert into SC VALUES('10000022','BB-01','81');
Insert into SC VALUES('10000023','CS-02','81');
Insert into SC VALUES('10000023','CS-03','84');
Insert into SC VALUES('10000023','EE-01','89');
Insert into SC VALUES('10000024','CC-01','84');
Insert into SC VALUES('10000024','CC-02','89');
Insert into SC VALUES('10000024','CC-03','96');
Insert into SC VALUES('10000025','BB-02',NULL);
Insert into SC VALUES('10000025','BB-03','81');
Insert into SC VALUES('10000025','CC-01','84');
Insert into SC VALUES('10000026','BB-02',NULL);
Insert into SC VALUES('10000026','BB-03','81');
Insert into SC VALUES('10000026','CC-01','84');
Insert into SC VALUES('10000027','CC-01','84');
Insert into SC VALUES('10000027','CC-02','89');
Insert into SC VALUES('10000027','CC-03','96');
Insert into SC VALUES('10000028','CS-02','81');
Insert into SC VALUES('10000028','CS-03','84');
Insert into SC VALUES('10000028','EE-01','89');
Insert into SC VALUES('10000029','AA-02','89');
Insert into SC VALUES('10000029','AA-03','84');
Insert into SC VALUES('10000029','BB-01','81');
Insert into SC VALUES('10000030','CS-01',NULL);
Insert into SC VALUES('10000030','CS-02','81');
Insert into SC VALUES('10000030','CS-03','84');
Insert into SC VALUES('10000031','BB-02',NULL);
Insert into SC VALUES('10000031','BB-03','81');
Insert into SC VALUES('10000031','CC-01','84');
Insert into SC VALUES('10000032','AA-02','89');
Insert into SC VALUES('10000032','AA-03','84');
Insert into SC VALUES('10000032','BB-01','81');
Insert into SC VALUES('10000033','AA-01','96');
Insert into SC VALUES('10000033','AA-02','89');
Insert into SC VALUES('10000033','AA-03','84');
Insert into SC VALUES('10000034','AA-02','89');
Insert into SC VALUES('10000034','AA-03','84');
Insert into SC VALUES('10000034','BB-01','81');
Insert into SC VALUES('10000035','BB-02',NULL);
Insert into SC VALUES('10000035','BB-03','81');
Insert into SC VALUES('10000035','CC-01','84');
Insert into SC VALUES('10000036','CS-01',NULL);
Insert into SC VALUES('10000036','CS-02','81');
Insert into SC VALUES('10000036','CS-03','84');
Insert into SC VALUES('10000037','AA-02','89');
Insert into SC VALUES('10000037','AA-03','84');
Insert into SC VALUES('10000037','BB-01','81');
Insert into SC VALUES('10000038','CS-02','81');
Insert into SC VALUES('10000038','CS-03','84');
Insert into SC VALUES('10000038','EE-01','89');
Insert into SC VALUES('10000039','CC-01','84');
Insert into SC VALUES('10000039','CC-02','89');
Insert into SC VALUES('10000039','CC-03','96');
Insert into SC VALUES('10000040','BB-02',NULL);
Insert into SC VALUES('10000040','BB-03','81');
Insert into SC VALUES('10000040','CC-01','84');
Insert into SC VALUES('10000041','BB-02',NULL);
Insert into SC VALUES('10000041','BB-03','81');
Insert into SC VALUES('10000041','CC-01','84');
Insert into SC VALUES('10000042','CC-01','84');
Insert into SC VALUES('10000042','CC-02','89');
Insert into SC VALUES('10000042','CC-03','96');
Insert into SC VALUES('10000043','CS-02','81');
Insert into SC VALUES('10000043','CS-03','84');
Insert into SC VALUES('10000043','EE-01','89');
Insert into SC VALUES('10000044','AA-02','89');
Insert into SC VALUES('10000044','AA-03','84');
Insert into SC VALUES('10000044','BB-01','81');
Insert into SC VALUES('10000045','CS-01',NULL);
Insert into SC VALUES('10000045','CS-02','81');
Insert into SC VALUES('10000045','CS-03','84');
Insert into SC VALUES('10000046','BB-02',NULL);
Insert into SC VALUES('10000046','BB-03','81');
Insert into SC VALUES('10000046','CC-01','84');
Insert into SC VALUES('10000047','AA-02','89');
Insert into SC VALUES('10000047','AA-03','84');
Insert into SC VALUES('10000047','BB-01','81');
Insert into SC VALUES('10000048','AA-01','96');
Insert into SC VALUES('10000048','AA-02','89');
Insert into SC VALUES('10000048','AA-03','84');
Insert into SC VALUES('10000049','AA-02','89');
Insert into SC VALUES('10000049','AA-03','84');
Insert into SC VALUES('10000049','BB-01','81');
Insert into SC VALUES('10000050','BB-02','80');
Insert into SC VALUES('10000050','BB-03','81');
Insert into SC VALUES('10000050','CC-01',NULL);
Insert into SC VALUES('10000050','CC-02','89');
Insert into SC VALUES('10000051','CS-01',NULL);
Insert into SC VALUES('10000051','CS-02','81');
Insert into SC VALUES('10000051','CS-03','84');
Insert into SC VALUES('10000051','EE-01','89');
Insert into SC VALUES('10000052','AA-02','89');
Insert into SC VALUES('10000052','AA-03','84');
Insert into SC VALUES('10000052','BB-01','81');
Insert into SC VALUES('10000052','BB-02','80');
Insert into SC VALUES('10000053','CS-02','81');
Insert into SC VALUES('10000053','CS-03','84');
Insert into SC VALUES('10000053','EE-01','89');
Insert into SC VALUES('10000053','EE-02','96');
Insert into SC VALUES('10000054','CC-01',NULL);
Insert into SC VALUES('10000054','CC-02','89');
Insert into SC VALUES('10000054','CC-03','96');
Insert into SC VALUES('10000054','CS-01','85');
Insert into SC VALUES('10000055','BB-02','80');
Insert into SC VALUES('10000055','BB-03','81');
Insert into SC VALUES('10000055','CC-01',NULL);
Insert into SC VALUES('10000055','CC-02','89');
Insert into SC VALUES('10000056','BB-02','80');
Insert into SC VALUES('10000056','BB-03','81');
Insert into SC VALUES('10000056','CC-01',NULL);
Insert into SC VALUES('10000056','CC-02','89');
Insert into SC VALUES('10000057','CC-01',NULL);
Insert into SC VALUES('10000057','CC-02','89');
Insert into SC VALUES('10000057','CC-03','96');
Insert into SC VALUES('10000057','CS-01','85');
Insert into SC VALUES('10000058','CS-02','81');
Insert into SC VALUES('10000058','CS-03','84');
Insert into SC VALUES('10000058','EE-01','89');
Insert into SC VALUES('10000058','EE-02','96');
Insert into SC VALUES('10000059','AA-02','89');
Insert into SC VALUES('10000059','AA-03','84');
Insert into SC VALUES('10000059','BB-01','81');
Insert into SC VALUES('10000059','BB-02','80');
Insert into SC VALUES('10000060','CS-01',NULL);
Insert into SC VALUES('10000060','CS-02','81');
Insert into SC VALUES('10000060','CS-03','84');
Insert into SC VALUES('10000060','EE-01','89');
Insert into SC VALUES('10000061','BB-02','80');
Insert into SC VALUES('10000061','BB-03','81');
Insert into SC VALUES('10000061','CC-01',NULL);
Insert into SC VALUES('10000061','CC-02','89');
Insert into SC VALUES('10000062','AA-02','89');
Insert into SC VALUES('10000062','AA-03','84');
Insert into SC VALUES('10000062','BB-01','81');
Insert into SC VALUES('10000062','BB-02','80');
Insert into SC VALUES('10000063','AA-01',NULL);
Insert into SC VALUES('10000063','AA-02','89');
Insert into SC VALUES('10000063','AA-03','84');
Insert into SC VALUES('10000063','BB-01','81');
Insert into SC VALUES('10000064','AA-02','89');
Insert into SC VALUES('10000064','AA-03','84');
Insert into SC VALUES('10000064','BB-01','81');
Insert into SC VALUES('10000064','BB-02','80');
Insert into SC VALUES('10000065','BB-02','80');
Insert into SC VALUES('10000065','BB-03','81');
Insert into SC VALUES('10000065','CC-01',NULL);
Insert into SC VALUES('10000065','CC-02','89');
Insert into SC VALUES('10000066','CS-01',NULL);
Insert into SC VALUES('10000066','CS-02','81');
Insert into SC VALUES('10000066','CS-03','84');
Insert into SC VALUES('10000066','EE-01','89');
Insert into SC VALUES('10000067','AA-02','89');
Insert into SC VALUES('10000067','AA-03','84');
Insert into SC VALUES('10000067','BB-01','81');
Insert into SC VALUES('10000067','BB-02','80');
Insert into SC VALUES('10000068','CS-02','81');
Insert into SC VALUES('10000068','CS-03','84');
Insert into SC VALUES('10000068','EE-01','89');
Insert into SC VALUES('10000068','EE-02','96');
Insert into SC VALUES('10000069','CC-01',NULL);
Insert into SC VALUES('10000069','CC-02','89');
Insert into SC VALUES('10000069','CC-03','96');
Insert into SC VALUES('10000069','CS-01','85');
Insert into SC VALUES('10000070','BB-02','80');
Insert into SC VALUES('10000070','BB-03','81');
Insert into SC VALUES('10000070','CC-01',NULL);
Insert into SC VALUES('10000070','CC-02','89');
Insert into SC VALUES('10000071','BB-02','80');
Insert into SC VALUES('10000071','BB-03','81');
Insert into SC VALUES('10000071','CC-01',NULL);
Insert into SC VALUES('10000071','CC-02','89');
Insert into SC VALUES('10000072','CC-01',NULL);
Insert into SC VALUES('10000072','CC-02','89');
Insert into SC VALUES('10000072','CC-03','96');
Insert into SC VALUES('10000072','CS-01','85');
Insert into SC VALUES('10000073','CS-02','81');
Insert into SC VALUES('10000073','CS-03','84');
Insert into SC VALUES('10000073','EE-01','89');
Insert into SC VALUES('10000073','EE-02','96');
Insert into SC VALUES('10000074','AA-02','89');
Insert into SC VALUES('10000074','AA-03','84');
Insert into SC VALUES('10000074','BB-01','81');
Insert into SC VALUES('10000074','BB-02','80');
Insert into SC VALUES('10000075','CS-01',NULL);
Insert into SC VALUES('10000075','CS-02','81');
Insert into SC VALUES('10000075','CS-03','84');
Insert into SC VALUES('10000075','EE-01','89');
Insert into SC VALUES('10000076','BB-02','80');
Insert into SC VALUES('10000076','BB-03','81');
Insert into SC VALUES('10000076','CC-01',NULL);
Insert into SC VALUES('10000076','CC-02','89');
Insert into SC VALUES('10000077','AA-02','89');
Insert into SC VALUES('10000077','AA-03','84');
Insert into SC VALUES('10000077','BB-01','81');
Insert into SC VALUES('10000077','BB-02','80');
Insert into SC VALUES('10000078','AA-01',NULL);
Insert into SC VALUES('10000078','AA-02','89');
Insert into SC VALUES('10000078','AA-03','84');
Insert into SC VALUES('10000078','BB-01','81');
Insert into SC VALUES('10000079','AA-02','89');
Insert into SC VALUES('10000079','AA-03','84');
Insert into SC VALUES('10000079','BB-01','81');
Insert into SC VALUES('10000079','BB-02','80');
Insert into SC VALUES('10000080','BB-02','80');
Insert into SC VALUES('10000080','BB-03','81');
Insert into SC VALUES('10000080','CC-01',NULL);
Insert into SC VALUES('10000080','CC-02','89');
Insert into SC VALUES('10000081','CS-01',NULL);
Insert into SC VALUES('10000081','CS-02','81');
Insert into SC VALUES('10000081','CS-03','84');
Insert into SC VALUES('10000081','EE-01','89');
Insert into SC VALUES('10000082','AA-02','89');
Insert into SC VALUES('10000082','AA-03','84');
Insert into SC VALUES('10000082','BB-01','81');
Insert into SC VALUES('10000082','BB-02','80');
Insert into SC VALUES('10000083','CS-02','81');
Insert into SC VALUES('10000083','CS-03','84');
Insert into SC VALUES('10000083','EE-01','89');
Insert into SC VALUES('10000083','EE-02','96');
Insert into SC VALUES('10000084','CC-01',NULL);
Insert into SC VALUES('10000084','CC-02','89');
Insert into SC VALUES('10000084','CC-03','96');
Insert into SC VALUES('10000084','CS-01','85');
Insert into SC VALUES('10000085','BB-02','80');
Insert into SC VALUES('10000085','BB-03','81');
Insert into SC VALUES('10000085','CC-01',NULL);
Insert into SC VALUES('10000085','CC-02','89');
Insert into SC VALUES('10000086','BB-02','80');
Insert into SC VALUES('10000086','BB-03','81');
Insert into SC VALUES('10000086','CC-01',NULL);
Insert into SC VALUES('10000086','CC-02','89');
Insert into SC VALUES('10000087','CC-01',NULL);
Insert into SC VALUES('10000087','CC-02','89');
Insert into SC VALUES('10000087','CC-03','96');
Insert into SC VALUES('10000087','CS-01','85');
Insert into SC VALUES('10000088','CS-02','81');
Insert into SC VALUES('10000088','CS-03','84');
Insert into SC VALUES('10000088','EE-01','89');
Insert into SC VALUES('10000088','EE-02','96');
Insert into SC VALUES('10000089','AA-02','89');
Insert into SC VALUES('10000089','AA-03','84');
Insert into SC VALUES('10000089','BB-01','81');
Insert into SC VALUES('10000089','BB-02','80');
Insert into SC VALUES('10000090','CS-01',NULL);
Insert into SC VALUES('10000090','CS-02','81');
Insert into SC VALUES('10000090','CS-03','84');
Insert into SC VALUES('10000090','EE-01','89');
Insert into SC VALUES('10000091','BB-02','80');
Insert into SC VALUES('10000091','BB-03','81');
Insert into SC VALUES('10000091','CC-01',NULL);
Insert into SC VALUES('10000091','CC-02','89');
Insert into SC VALUES('10000092','AA-02','89');
Insert into SC VALUES('10000092','AA-03','84');
Insert into SC VALUES('10000092','BB-01','81');
Insert into SC VALUES('10000092','BB-02','80');
Insert into SC VALUES('10000093','AA-01',NULL);
Insert into SC VALUES('10000093','AA-02','89');
Insert into SC VALUES('10000093','AA-03','84');
Insert into SC VALUES('10000093','BB-01','81');
Insert into SC VALUES('10000094','AA-02','89');
Insert into SC VALUES('10000094','AA-03','84');
Insert into SC VALUES('10000094','BB-01','81');
Insert into SC VALUES('10000094','BB-02','80');
Insert into SC VALUES('10000095','BB-02','80');
Insert into SC VALUES('10000095','BB-03','81');
Insert into SC VALUES('10000095','CC-01',NULL);
Insert into SC VALUES('10000095','CC-02','89');
Insert into SC VALUES('10000096','CS-01',NULL);
Insert into SC VALUES('10000096','CS-02','81');
Insert into SC VALUES('10000096','CS-03','84');
Insert into SC VALUES('10000096','EE-01','89');
Insert into SC VALUES('10000097','AA-02','89');
Insert into SC VALUES('10000097','AA-03','84');
Insert into SC VALUES('10000097','BB-01','81');
Insert into SC VALUES('10000097','BB-02','80');
Insert into SC VALUES('10000098','CS-02','81');
Insert into SC VALUES('10000098','CS-03','84');
Insert into SC VALUES('10000098','EE-01','89');
Insert into SC VALUES('10000098','EE-02','96');
Insert into SC VALUES('10000099','CC-01',NULL);
Insert into SC VALUES('10000099','CC-02','89');
Insert into SC VALUES('10000099','CC-03','96');
Insert into SC VALUES('10000099','CS-01','85');